{"name":"6c7964c7-72e7-4617-8f91-c5f89ab7d927","id":"/providers/Microsoft.Flow/flows/6c7964c7-72e7-4617-8f91-c5f89ab7d927","type":"Microsoft.Flow/flows","properties":{"apiId":"/providers/Microsoft.PowerApps/apis/shared_logicflows","displayName":"AIAD-SendAccountTeamsPrivateChat","definition":{"metadata":{"workflowEntityId":null,"flowclientsuspensionreason":"None","flowclientsuspensiontime":null,"creator":{"id":"6fae9ec7-3f7c-4d52-b007-87959083605f","type":"User","tenantId":"3c0e2005-5884-4acf-8b25-be5e5c9abd88"},"provisioningMethod":"FromDefinition","failureAlertSubscription":true,"clientLastModifiedTime":"2021-03-25T13:01:51.0761407Z"},"$schema":"https://schema.management.azure.com/providers/Microsoft.Logic/schemas/2016-06-01/workflowdefinition.json#","contentVersion":"1.0.0.0","parameters":{"$connections":{"defaultValue":{},"type":"Object"},"$authentication":{"defaultValue":{},"type":"SecureObject"}},"triggers":{"manual":{"type":"Request","kind":"PowerApp","inputs":{"schema":{"type":"object","properties":{},"required":[]}}}},"actions":{"Publier_votre_propre_carte_adaptative_en_tant_que_bot_Flow_à_un_utilisateur":{"runAfter":{},"type":"OpenApiConnection","inputs":{"host":{"apiId":"/providers/Microsoft.PowerApps/apis/shared_teams","connectionName":"shared_teams_1","operationId":"PostUserAdaptiveCard"},"parameters":{"PostAdaptiveCardRequest/recipient/to":"@{triggerBody()['PublierviaunbotFlowunmessageàunutilisateur_Destinataire']};","PostAdaptiveCardRequest/messageBody":"{\n    \"type\": \"AdaptiveCard\",\n    \"body\": [\n        {\n            \"type\": \"Container\",\n            \"style\": \"emphasis\",\n            \"items\": [\n                {\n                    \"type\": \"ColumnSet\",\n                    \"columns\": [\n                        {\n                            \"type\": \"Column\",\n                            \"items\": [\n                                {\n                                    \"type\": \"TextBlock\",\n                                    \"size\": \"Large\",\n                                    \"weight\": \"Bolder\",\n                                    \"text\": \"**App in a Day**\"\n                                }\n                            ],\n                            \"width\": \"stretch\"\n                        }\n                    ]\n                }\n            ],\n            \"bleed\": true\n        },\n        {\n            \"type\": \"Container\",\n            \"items\": [\n                {\n                    \"type\": \"ColumnSet\",\n                    \"columns\": [\n                        {\n                            \"type\": \"Column\",\n                            \"items\": [\n                                {\n                                    \"type\": \"TextBlock\",\n                                    \"size\": \"ExtraLarge\",\n                                    \"text\": \"Demonstration Account\",\n                                    \"wrap\": true\n                                }\n                            ],\n                            \"width\": \"stretch\"\n                        },\n                        {\n                            \"type\": \"Column\",\n                            \"items\": [\n                                {\n                                    \"type\": \"ActionSet\",\n                                    \"actions\": [\n                                        {\n                                            \"type\": \"Action.OpenUrl\",\n                                            \"title\": \"Power Apps\",\n                                            \"url\": \"https://make.powerapps.com/\"\n                                        }\n                                    ]\n                                }\n                            ],\n                            \"width\": \"auto\"\n                        }\n                    ]\n                },\n                {\n                    \"type\": \"FactSet\",\n                    \"spacing\": \"Large\",\n                    \"facts\": [\n                        {\n                            \"title\": \"Email\",\n                            \"value\": \"@{triggerBody()['PublierviaunbotFlowunmessageàunutilisateur_Message']}\"\n                        },\n                        {\n                            \"title\": \"Password\",\n                            \"value\": \"test@Word1\"\n                        },\n                        {\n                            \"title\": \"Validity\",\n                            \"value\": \"30 Days\"\n                        }\n                    ]\n                }\n            ]\n        }\n    ],\n    \"$schema\": \"http://adaptivecards.io/schemas/adaptive-card.json\",\n    \"version\": \"1.0\",\n    \"fallbackText\": \"This card requires Adaptive Cards v1.2 support to be rendered properly.\"\n}","PostAdaptiveCardRequest/messageTitle":"App in a Day","PostAdaptiveCardRequest/recipient/summary":"AIAD : Your demo account","PostAdaptiveCardRequest/recipient/isAlert":true},"authentication":{"value":"@json(decodeBase64(triggerOutputs().headers['X-MS-APIM-Tokens']))['$ConnectionKey']","type":"Raw"}}}}},"connectionReferences":{"shared_teams_1":{"connectionName":"shared-teams-a3cac654-4733-46d9-a1c5-d53c-d36b620c","source":"Invoker","id":"/providers/Microsoft.PowerApps/apis/shared_teams","tier":"NotSpecified"}},"flowFailureAlertSubscribed":false}}