{"schemaVersion":"1.0","appDefinitionTemplate":{"id":"/providers/Microsoft.PowerApps/apps/","type":"Microsoft.PowerApps/apps","tags":{"primaryDeviceWidth":"640","primaryDeviceHeight":"1136","sienaVersion":"20210325T130746Z-3.21032.45.0","deviceCapabilities":"","supportsPortrait":"true","supportsLandscape":"false","primaryFormFactor":"Phone","publisherVersion":"3.21032.45","minimumRequiredApiVersion":"2.2.0","hasComponent":"false","hasUnlockedComponent":"false","isUnifiedRootApp":"false"},"properties":{"appVersion":"2021-03-25T13:07:46Z","lifeCycleId":"Published","createdByClientVersion":{"major":3,"minor":21032,"build":45,"revision":0,"majorRevision":0,"minorRevision":0},"minClientVersion":{"major":3,"minor":21032,"build":45,"revision":0,"majorRevision":0,"minorRevision":0},"backgroundColor":"rgba(1, 131, 134, 1)","backgroundImageUri":"/4432247093653981252/N3a7b8ef2-cf7c-4aa3-98d4-931c564f1786-logoSmallFile","displayName":"AIAD-DemoAccount","description":"","commitMessage":"","appUris":{"documentUri":{"value":"/4432247093653981252/Ndbf2b2d4-d03b-4f2d-8f32-ae556ae12719-document.msapp"},"imageUris":[]},"createdTime":"0001-01-01T00:00:00Z","lastModifiedTime":"0001-01-01T00:00:00Z","sharedGroupsCount":0,"sharedUsersCount":0,"icons":{"smallIconUri":"/4432247093653981252/Nf43e8123-31bc-4218-8ee2-ba1428f6d023-small.png","mediumIconUri":"/4432247093653981252/N7f1f9ac3-6a6d-4297-9f8d-fdcfb987db2b-medium.png","largeIconUri":"/4432247093653981252/N3c3bda86-de34-4a77-8d05-d824b2e4bae2-large.png","wideIconUri":"/4432247093653981252/Nfc5bb0d1-8d2c-43e6-b139-01853dcc8734-wide.png"},"connectionReferences":{"ba226011-1dd4-445c-becf-095809f4224a":{"id":"9bb664b6-aaf3-4047-bbee-b4f5c2c71f56","displayName":"Excel Online (Business)","iconUri":"https://connectoricons-prod.azureedge.net/releases/v1.0.1440/1.0.1440.2331/excelonlinebusiness/icon.png","dataSources":["Table1","Table1_1"],"dependencies":[],"dependents":["b673a753-ad51-44a7-9356-87aa91d8e5e0"],"parameterHints":{},"isOnPremiseConnection":false,"bypassConsent":false,"dataSets":{"groups%2F4a8ba39c-4a59-4b60-acfb-3434b1a2f14f,b%21y_XzyHfsA02NSdU-PS46AiS8B6mT0mZKoxmQvf6tKF2kSOt1knPFSpED0FBpp_s9,01GZ3PCCHU5OXQLE3SR5HJRJ55BJTNSV6P":{"dataSources":{"Table1":{"tableName":"{DD505B0B-7170-479B-B336-31EA84FAE507}"}}},"groups%2F4a8ba39c-4a59-4b60-acfb-3434b1a2f14f,b%21y_XzyHfsA02NSdU-PS46AiS8B6mT0mZKoxmQvf6tKF2kSOt1knPFSpED0FBpp_s9,01GZ3PCCFSRK26P64ULZAZBVPK6SMJ2M73":{"dataSources":{"Table1_1":{"tableName":"{00000000-000C-0000-FFFF-FFFF00000000}"}}}},"apiTier":"Standard","isCustomApiConnection":false},"1349385c-dcc8-4475-964c-01b318b4c997":{"id":"0f17d4d8-cec0-4084-b725-2206f0225836","displayName":"Logic flows","iconUri":"https://connectoricons-prod.azureedge.net/releases/v1.0.1438/1.0.1438.2324/logicflows/icon.png","dataSources":["AIAD-SendAccountTeamsPrivateChat"],"dependencies":["b42787c7-894a-4080-ac38-0a70973967d8"],"dependents":[],"parameterHints":{"workflowName":{"value":"2ec03584-1c9a-484f-b887-440d1bf9abc4"},"workflowEntityId":{},"b42787c7-894a-4080-ac38-0a70973967d8":{"value":"shared_teams_1"}},"isOnPremiseConnection":false,"bypassConsent":false,"dataSets":{},"apiTier":"Standard","isCustomApiConnection":false,"actions":["Run"]},"b42787c7-894a-4080-ac38-0a70973967d8":{"id":"426be836-daf2-4a68-95e5-e20b2f415e94","displayName":"Microsoft Teams","iconUri":"https://connectoricons-prod.azureedge.net/releases/v1.0.1447/1.0.1447.2351/teams/icon.png","dataSources":[],"dependencies":[],"dependents":["1349385c-dcc8-4475-964c-01b318b4c997"],"parameterHints":{},"isOnPremiseConnection":false,"bypassConsent":false,"dataSets":{},"apiTier":"Standard","isCustomApiConnection":false},"a8bcf7b7-1073-4697-b270-0be63c827756":{"id":"500184e4-d01e-41ba-84fc-1743ed612d8f","displayName":"Office 365 Outlook","iconUri":"https://connectoricons-prod.azureedge.net/releases/v1.0.1454/1.0.1454.2370/office365/icon.png","dataSources":["Office365Outlook"],"dependencies":[],"dependents":[],"parameterHints":{},"isOnPremiseConnection":false,"bypassConsent":false,"dataSets":{},"apiTier":"Standard","isCustomApiConnection":false,"actions":["CalendarGetItems"]},"b673a753-ad51-44a7-9356-87aa91d8e5e0":{"id":"0f17d4d8-cec0-4084-b725-2206f0225836","displayName":"Logic flows","iconUri":"https://connectoricons-prod.azureedge.net/releases/v1.0.1438/1.0.1438.2324/logicflows/icon.png","dataSources":["AIAD-ResetDemoAccounts"],"dependencies":["ba226011-1dd4-445c-becf-095809f4224a"],"dependents":[],"parameterHints":{"workflowName":{"value":"1b999550-b1f9-4763-88b9-0f8492bd3775"},"workflowEntityId":{},"ba226011-1dd4-445c-becf-095809f4224a":{"value":"shared_excelonlinebusiness"}},"isOnPremiseConnection":false,"bypassConsent":false,"dataSets":{},"apiTier":"Standard","isCustomApiConnection":false,"actions":["Run"]}},"databaseReferences":{},"almMode":"Environment","performanceOptimizationEnabled":true,"canConsumeAppPass":true,"executionRestrictions":{"isTeamsOnly":false,"dataLossPreventionEvaluationResult":{"status":"Compliant","lastEvaluationDate":"2021-03-16T16:34:07.2857457Z","violationDetails":[]}}},"isAppComponentLibrary":false,"appType":"ClassicCanvasApp","appComponents":[]}}